ID;Name; Description;stock;price;category;Lieferzeit;EAN
579;Wandkonsole für LP-65 bis LP-375;Wandhalterung für Pooltauscher LP-65 bis LP375;1;17,9;Wandhalterung;;2091465262179
587;LP-175VA 50kW;Hochwertiger Edelstahl-Wärmetauscher für Schwimmbad- und Poolbezeizung. Ideal in Verbindung mit Solaranlagen bis 50kW.;1;229,9;Pool Wärmetauscher > Rohrförmig aus Edelstahl;Die Lieferzeit beträgt 10 bis 15 Tage;5286196620740
727;MUSTERARTIKEL;Hochwertiger Edelstahl-Wärmetauscher für Schwimmbad- und Poolbezeizung. Ideal in Verbindung mit Solaranlagen bis 50kW.;0;119,9;Pool Wärmetauscher;;1282898648918
737;LP-65VA 20kW;Hochwertiger Edelstahl-Wärmetauscher für Schwimmbadbezeizung.;1;189,9;Pool Wärmetauscher > Rohrförmig aus Edelstahl;;3879177514583
741;LP-100VA 30kW;Hochwertiger Edelstahl-Wärmetauscher für Schwimmbadbezeizung.;1;199,9;Pool Wärmetauscher > Rohrförmig aus Edelstahl;;9055773261265
742;LP-230VA 70kW;Hochwertiger Edelstahl-Wärmetauscher für Schwimmbadbezeizung.;1;289,9;Pool Wärmetauscher > Rohrförmig aus Edelstahl;;1150028980156
743;LP-325VA 95kW;Hochwertiger Edelstahl-Wärmetauscher für Schwimmbadbezeizung.;0;328,9;Pool Wärmetauscher > Rohrförmig aus Edelstahl;;5029747624534
745;LP-375VA 115kW;Hochwertiger Edelstahl-Wärmetauscher für Schwimmbadbeheizung.;0;439,9;Pool Wärmetauscher > Rohrförmig aus Edelstahl;;9883725074294
747;Edelstahl Pool Wärmetauscher Typ SP-100-K;Hochwertiger Plattenwärmetauscher aus Edelstahl zur Schwimmbadbeheizung. Geeignet für gechlortes Wasser. Höchstmögliche Wärmeübertragung bei niedrigen Vorlauftemperaturen.;1;199,9;Pool Wärmetauscher;;1773215338624
1000;Abgaswärmetauscher AWT-7/150VA;Abgaswärmetauscher mit Edelstahl Tauscherspirale.Dieser Tauscher wurde speziell für Kamin und Kachelöfen entwickelt.;1;279,9;Abgaswärmetauscher;;4877111475333
1002;Abgaswärmetauscher AWT-7/150-Titan;Abgaswärmetauscher mit titanlegierter Edelstahl Tauscherspirale entwickelt für höchste Temperatur- und Feuchtebelastungen. Dieser Tauscher ist für extreme Langlebigkeit und Beständigkeit ausgelegt.;1;285,9;Abgaswärmetauscher;;9680811891595
1003;Abgastauscher Regelung Typ ATR-4;Abgastauscher Regelung für eine optimale Ausnutzung und Energieeinsparung in Verbindung mit unseren Abgaswärmetauschern.;1;199,9;Abgaswärmetauscher;;8567222480604
1004;Abgastauscher Regelung Typ ATR-6;Abgastauscher Regelung für eine optimale Ausnutzung und Energieeinsparung. Diese Regelung unterstützt durch einen zusätzlichen Sensor die Ansteuerung eines zweiten Heizkreises.;0;239,9;Abgaswärmetauscher;;5686660235911
1007;Kehrbesenset für AWT-7;Kehrbesenset für Abgastauscher Reihe AWT-7;1;39,9;Abgaswärmetauscher;;1941032767914
1046;Edelstahl Plattenwärmetauscher Typ B3-12A-12;"Edelstahl Plattenwärmetauscher für Pflanzenölvorwärmung    bei PKW und LKW; Heizkreistrennungen und Solaranlagen";1;69,9;Plattenwärmetauscher > B3-12 Baureihe / gelötet;;1438856474369
1048;Edelstahl Plattenwärmetauscher Typ B3-12A-12 mit Dämmschale;"Edelstahl Plattenwärmetauscher für Pflanzenölvorwärmung    bei PKW und LKW; Heizkreistrennungen und Solaranlagen";1;74,9;Plattenwärmetauscher > B3-12 Baureihe / gelötet;;3500722785805
1050;Edelstahl Plattenwärmetauscher Typ B3-12A-20;"Edelstahl Plattenwärmetauscher für Pflanzenölvorwärmung    bei PKW und LKW; Heizkreistrennungen und Solaranlagen";1;79,9;Plattenwärmetauscher > B3-12 Baureihe / gelötet;;7887280730963
1051;Edelstahl Plattenwärmetauscher Typ B3-12A-30;Edelstahl Plattenwärmetauscher für Pflanzenölvorwärmung    bei PKW und LKW;1;79,9;Plattenwärmetauscher > B3-12 Baureihe / gelötet;;4170125892616
1052;Edelstahl Plattenwärmetauscher Typ B3-12A-50;Edelstahl Plattenwärmetauscher für Pflanzenölvorwärmung    bei PKW und LKW;0;139,9;Plattenwärmetauscher > B3-12 Baureihe / gelötet;;6340907128242
1053;Edelstahl Plattenwärmetauscher Typ B3-12A-50 mit Dämmschale;Edelstahl Plattenwärmetauscher für Pflanzenölvorwärmung    bei PKW und LKW;0;149,9;Plattenwärmetauscher > B3-12 Baureihe / gelötet;;267078141619
1054;Edelstahl Plattenwärmetauscher Typ B3-12A-30 mit Dämmschale;Edelstahl Plattenwärmetauscher für Pflanzenölvorwärmung    bei PKW und LKW;1;104,9;Plattenwärmetauscher > B3-12 Baureihe / gelötet;;963840013930
1055;Edelstahl Plattenwärmetauscher Typ B3-12A-20 mit Dämmschale;Edelstahl Plattenwärmetauscher für Pflanzenölvorwärmung    bei PKW und LKW;1;84,9;Plattenwärmetauscher > B3-12 Baureihe / gelötet;;3918763032312
1056;Edelstahl Plattenwärmetauscher Typ B3-23A-30;Edelstahl Plattenwärmetauscher für Pflanzenölvorwärmung    bei PKW und LKW;1;184,9;Plattenwärmetauscher > B3-23 Baureihe / gelötet;;1824359393441
1057;Edelstahl Plattenwärmetauscher Typ B3-23A-50;Edelstahl Plattenwärmetauscher für Pflanzenölvorwärmung    bei PKW und LKW;1;224,9;Plattenwärmetauscher > B3-23 Baureihe / gelötet;;9839666739792
1058;Edelstahl Plattenwärmetauscher Typ B3-23A-30 mit Dämmschale;Edelstahl Plattenwärmetauscher für Pflanzenölvorwärmung    bei PKW und LKW;1;194,9;Plattenwärmetauscher > B3-23 Baureihe / gelötet;;6501687247749
1060;Edelstahl Plattenwärmetauscher Typ B3-23A-50 mit Dämmschale;Edelstahl Plattenwärmetauscher für Pflanzenölvorwärmung    bei PKW und LKW;1;254,9;Plattenwärmetauscher > B3-23 Baureihe / gelötet;;9496081864722
1076;Wandbefestigung für Plattentauscher M3-54;;1;35,9;Wandhalterung;;3486711401836
1077;Wandkonsole für Plattentauscher M4-56;;1;35,9;Wandhalterung;;7097613907430
1078;Dämmschale für Plattentauscher M3-S;;1;79,9;Isolierung für Wärmetauscher;;8301096575048
1079;Edelstahl Plattenwärmetauscher Typ M5-11-10;"Der Einsatz dieser Tauscherbaureihe eignet sich hervorragend für Kühlung von Bierwürze;  Milchkühlung sowie als Zwischenkreistauscher für Sole und Grundwasser Wärmepumpen.";1;899;Plattenwärmetauscher > M5-11 Baureihe / zerlegbar;;6639325474032
1080;Edelstahl Plattenwärmetauscher Typ M5-11-30;"Der Einsatz dieser Tauscherbaureihe eignet sich hervorragend für Kühlung von Bierwürze; Milchkühlung sowie als Zwischenkreistauscher für Sole und Grundwasser Wärmepumpen.";1;1399;Plattenwärmetauscher > M5-11 Baureihe / zerlegbar;;5564792899662
1081;Edelstahl Plattenwärmetauscher Typ M6-19-10;;1;1090;Plattenwärmetauscher > M6-19 Baureihe / zerlegbar;;9921752342730
1082;Edelstahl Plattenwärmetauscher Typ M6-19-20;;1;1680;Plattenwärmetauscher > M6-19 Baureihe / zerlegbar;;7107438924403
1083;Edelstahl Plattenwärmetauscher Typ M7-17-10;Der Einsatz dieser Tauscherbaureihe eignet sich hervorragend für die Poolerwärmung;0;995;Plattenwärmetauscher > M7-17 Baureihe / zerlegbar;;2327483415120
1084;Edelstahl Plattenwärmetauscher Typ M7-17-20;Der Einsatz dieser Tauscherbaureihe eignet sich hervorragend für die Poolerwärmung;1;1295;Plattenwärmetauscher > M7-17 Baureihe / zerlegbar;;6209821998907
1085;Edelstahl Plattenwärmetauscher Typ M4-56-10;;1;289,9;Plattenwärmetauscher > M4-56 Baureihe / zerlegbar;;7883295446066
1088;Edelstahl Plattenwärmetauscher Typ M4-56-20;Edelstahl Plattenwärmetauscher geeignet für Anwendungen mit geschlossenen Kreisläufen wie z.B. Heizungsanwendungen;1;339,9;Plattenwärmetauscher > M4-56 Baureihe / zerlegbar;;7670612815694
1170;Wandkonsole für Plattentauscher B3-12-xx;Wandhalterung für eine schnelle Montage mit praktischem Klettverschlußband.;1;18,9;Wandhalterung;;2837107354495
1181;LP-375VA 115kW mit Wärmedämmung;Hochwertiger Schwimmbad-Wärmetauscher aus Edelstahl für Schwimmbadbeheizung mit Wärmedämmung.;0;459;Pool Wärmetauscher > Rohrförmig aus Edelstahl;;8247903213713
1188;Wandkonsole für isolierte Pooltauscher LP-xx;Wandhalterung für eine schnelle Montage mit praktischem Klettverschlußband.;1;19,9;Wandhalterung;;5234087663802
1191;LP-65VA 20kW mit Wärmedämmung;Hochwertiger Schwimmbad-Wärmetauscher aus Edelstahl für Schwimmbadbeheizung mit Wärmedämmung.;1;219,9;Pool Wärmetauscher > Rohrförmig aus Edelstahl;;938364240247
1194;LP-100VA 30kW mit Wärmedämmung;Hochwertiger Schwimmbad-Wärmetauscher aus Edelstahl für Schwimmbadbeheizung mit Wärmedämmung.;1;239,9;Pool Wärmetauscher > Rohrförmig aus Edelstahl;;450118214736
1196;LP-175VA 50kW mit Wärmedämmung;Hochwertiger Schwimmbad-Wärmetauscher aus Edelstahl für Schwimmbadbeheizung mit Wärmedämmung.;1;259,9;Pool Wärmetauscher > Rohrförmig aus Edelstahl;;655296358115
1198;LP-230VA 70kW mit Wärmedämmung;Hochwertiger Schwimmbad-Wärmetauscher aus Edelstahl für Schwimmbadbeheizung mit Wärmedämmung.;1;329,9;Pool Wärmetauscher > Rohrförmig aus Edelstahl;;8611986118980
1200;LP-325VA 95kW mit Wärmedämmung;Hochwertiger Schwimmbad-Wärmetauscher aus Edelstahl für Schwimmbadbeheizung mit Wärmedämmung.;0;389,9;Pool Wärmetauscher > Rohrförmig aus Edelstahl;;9005775281402
1204;Dämmschale für Plattentauscher M3-M;Hochwertige Dämmschale für Plattentauscher in verschiedenen Größen;1;89,9;Isolierung für Wärmetauscher;;5367012957872
1205;Dämmschale für Plattentauscher M3-L;Hochwertige Dämmschale für Plattentauscher in verschiedenen Größen;1;99,9;Isolierung für Wärmetauscher;;6854117854742
1206;Dämmschale für Plattentauscher SP-S;Hochwertige Dämmschale für Plattentauscher in verschiedenen Größen;1;79,9;Isolierung für Wärmetauscher;;1382809012286
1207;Dämmschale für Plattentauscher SP-M;Hochwertige Dämmschale für Plattentauscher in verschiedenen Größen;1;89,9;Isolierung für Wärmetauscher;;5461960384619
1252;Dämmschale für Plattentauscher M1-S;Hochwertige Dämmschale für Plattentauscher in verschiedenen Größen;1;79,9;Isolierung für Wärmetauscher;;3625664059934
1253;Dämmschale für Plattentauscher M1-M;Hochwertige Dämmschale für Plattentauscher in verschiedenen Größen;1;89,9;Isolierung für Wärmetauscher;;4894233116968
1254;Dämmschale für Plattentauscher M1-L;Hochwertige Dämmschale für Plattentauscher in verschiedenen Größen;1;99,9;Isolierung für Wärmetauscher;;8183922928019
1257;Wandbefestigung für Plattentauscher M1-53;Hochwertige Dämmschale für Plattentauscher in verschiedenen Größen;1;34,9;Wandhalterung;;8183313115592
1260;Dämmschale für Plattentauscher M4-L;Hochwertige Dämmschale für Plattentauscher in verschiedenen Größen;1;99,9;Isolierung für Wärmetauscher;;3057639268476
1261;Dämmschale für Plattentauscher M4-M;Hochwertige Dämmschale für Plattentauscher in verschiedenen Größen;1;89,9;Isolierung für Wärmetauscher;;1974896712011
1263;Edelstahl Plattenwärmetauscher Typ M4-56-30;Edelstahl Plattenwärmetauscher geeignet für Anwendungen mit geschlossenen Kreisläufen wie z.B. Heizungsanwendungen;1;399,9;Plattenwärmetauscher > M4-56 Baureihe / zerlegbar;;983367163970
1264;Edelstahl Plattenwärmetauscher Typ M4-56-15;Edelstahl Plattenwärmetauscher geeignet für Anwendungen mit geschlossenen Kreisläufen wie z.B. Heizungsanwendungen;1;309,9;Plattenwärmetauscher > M4-56 Baureihe / zerlegbar;;8481605893389
1265;Edelstahl Plattenwärmetauscher Typ M4-56-25;Edelstahl Plattenwärmetauscher geeignet für Anwendungen mit geschlossenen Kreisläufen wie z.B. Heizungsanwendungen;1;369,9;Plattenwärmetauscher > M4-56 Baureihe / zerlegbar;;5175038823985
1266;Edelstahl Plattenwärmetauscher Typ M4-56-35;Edelstahl Plattenwärmetauscher geeignet für Anwendungen mit geschlossenen Kreisläufen wie z.B. Heizungsanwendungen;1;439,9;Plattenwärmetauscher > M4-56 Baureihe / zerlegbar;;2567562782853
1267;Edelstahl Plattenwärmetauscher Typ M4-56-40;Edelstahl Plattenwärmetauscher geeignet für Anwendungen mit geschlossenen Kreisläufen wie z.B. Heizungsanwendungen;1;469,9;Plattenwärmetauscher > M4-56 Baureihe / zerlegbar;;6744198567221
1268;Edelstahl Plattenwärmetauscher Typ M4-56-45;Edelstahl Plattenwärmetauscher geeignet für Anwendungen mit geschlossenen Kreisläufen wie z.B. Heizungsanwendungen;1;499,9;Plattenwärmetauscher > M4-56 Baureihe / zerlegbar;;4811928042234
1269;Edelstahl Plattenwärmetauscher Typ M4-56-50;Edelstahl Plattenwärmetauscher geeignet für Anwendungen mit geschlossenen Kreisläufen wie z.B. Heizungsanwendungen;1;535,9;Plattenwärmetauscher > M4-56 Baureihe / zerlegbar;;3388615003133
1270;Edelstahl Plattenwärmetauscher Typ M4-56-60;Edelstahl Plattenwärmetauscher geeignet für Anwendungen mit geschlossenen Kreisläufen wie z.B. Heizungsanwendungen;1;599,9;Plattenwärmetauscher > M4-56 Baureihe / zerlegbar;;6261793125392
1326;Abgaswärmetauscher AWT-7/160VA;Abgaswärmetauscher mit Edelstahl Tauscherspirale.Dieser Tauscher wurde speziell für Kamin und Kachelöfen entwickelt.;1;284,9;Abgaswärmetauscher;;6474143371206
1327;Abgaswärmetauscher AWT-7/160-Titan;Abgaswärmetauscher mit titanlegierter Edelstahl Tauscherspirale entwickelt für höchste Temperatur- und Feuchtebelastungen. Dieser Tauscher ist für extreme Langlebigkeit und Beständigkeit ausgelegt.;1;289,9;Abgaswärmetauscher;;4089415274929
1328;Abgaswärmetauscher AWT-7/180-Titan;Abgaswärmetauscher mit titanlegierter Edelstahl Tauscherspirale entwickelt für höchste Temperatur- und Feuchtebelastungen. Dieser Tauscher ist für extreme Langlebigkeit und Beständigkeit ausgelegt.;1;319,9;Abgaswärmetauscher;;4598541150958
1329;Abgaswärmetauscher AWT-7/180VA;Abgaswärmetauscher mit Edelstahl Tauscherspirale.Dieser Tauscher wurde speziell für Kamin und Kachelöfen entwickelt.;1;314,9;Abgaswärmetauscher;;9282813513019
1330;Abgaswärmetauscher AWT-7/200VA;Abgaswärmetauscher mit Edelstahl Tauscherspirale.Dieser Tauscher wurde speziell für Kamin und Kachelöfen entwickelt.;1;339,9;Abgaswärmetauscher;;8282848236311
1331;Abgaswärmetauscher AWT-7/200-Titan;Abgaswärmetauscher mit titanlegierter Edelstahl Tauscherspirale entwickelt für höchste Temperatur- und Feuchtebelastungen. Dieser Tauscher ist für extreme Langlebigkeit und Beständigkeit ausgelegt.;1;349,9;Abgaswärmetauscher;;7935749142557
1332;Abgaswärmetauscher AWT-7/250VA;Abgaswärmetauscher mit Edelstahl Tauscherspirale.Dieser Tauscher wurde speziell für Kamin und Kachelöfen entwickelt.;0;399;Abgaswärmetauscher;;252926529077
1333;Abgaswärmetauscher AWT-7/250-Titan;Abgaswärmetauscher mit titanlegierter Edelstahl Tauscherspirale entwickelt für höchste Temperatur- und Feuchtebelastungen. Dieser Tauscher ist für extreme Langlebigkeit und Beständigkeit ausgelegt.;0;399;Abgaswärmetauscher;;3997003361528
1377;Frischwasserstation FWS 840;Die LUPI Frischwasserstation der FWS-800 Baureihe ist ein leistungsstarkes Frischwassermodul für die hygienische und legionellenfreie Erzeugung von Warmwasser mit einem zerlegbarem Plattentauscher.;1;1290;Frischwasserstation;;6908065460286
1442;Frischwasserstation FWS 620;Die LUPI Frischwasserstation der Baureihe FWS-600 ist ein leistungsstarkes Frischwassermodul für die hygienische und legionellenfreie Erzeugung von Warmwasser mit einem kupfergelöteten Plattentauscher aus Edelstahl.;0;689;Frischwasserstation;;7695934105636
1481;Edelstahl Plattenwärmetauscher Typ M5-11-25;Der Einsatz dieser Tauscherbaureihe eignet sich hervorragend für Kühlung von Bierwürze;1;1299;Plattenwärmetauscher > M5-11 Baureihe / zerlegbar;;1089969929675
1482;Edelstahl Plattenwärmetauscher Typ M5-11-35;Der Einsatz dieser Tauscherbaureihe eignet sich hervorragend für Kühlung von Bierwürze;1;1499;Plattenwärmetauscher > M5-11 Baureihe / zerlegbar;;310774792552
1483;Edelstahl Plattenwärmetauscher Typ M5-11-40;Der Einsatz dieser Tauscherbaureihe eignet sich hervorragend für Kühlung von Bierwürze;1;1649;Plattenwärmetauscher > M5-11 Baureihe / zerlegbar;;1340784358003
1484;Edelstahl Plattenwärmetauscher Typ M5-11-45;Der Einsatz dieser Tauscherbaureihe eignet sich hervorragend für Kühlung von Bierwürze;1;1899;Plattenwärmetauscher > M5-11 Baureihe / zerlegbar;;7806787405877
1485;Edelstahl Plattenwärmetauscher Typ M5-11-50;Der Einsatz dieser Tauscherbaureihe eignet sich hervorragend für Kühlung von Bierwürze;1;1999;Plattenwärmetauscher > M5-11 Baureihe / zerlegbar;;168419438521
1486;Edelstahl Plattenwärmetauscher Typ M5-11-55;Der Einsatz dieser Tauscherbaureihe eignet sich hervorragend für Kühlung von Bierwürze;1;2199;Plattenwärmetauscher > M5-11 Baureihe / zerlegbar;;445370808496
1487;Edelstahl Plattenwärmetauscher Typ M5-11-60;Der Einsatz dieser Tauscherbaureihe eignet sich hervorragend für Kühlung von Bierwürze;1;2299;Plattenwärmetauscher > M5-11 Baureihe / zerlegbar;;6855062072649
1488;Edelstahl Plattenwärmetauscher Typ M5-11-65;Der Einsatz dieser Tauscherbaureihe eignet sich hervorragend für Kühlung von Bierwürze;1;2480;Plattenwärmetauscher > M5-11 Baureihe / zerlegbar;;3868467036959
1489;Edelstahl Plattenwärmetauscher Typ M5-11-70;Der Einsatz dieser Tauscherbaureihe eignet sich hervorragend für Kühlung von Bierwürze;1;2590;Plattenwärmetauscher > M5-11 Baureihe / zerlegbar;;9437200314292
1490;Edelstahl Plattenwärmetauscher Typ M5-11-75;Der Einsatz dieser Tauscherbaureihe eignet sich hervorragend für Kühlung von Bierwürze;1;2790;Plattenwärmetauscher > M5-11 Baureihe / zerlegbar;;5328785590239
1491;Edelstahl Plattenwärmetauscher Typ M5-11-80;Der Einsatz dieser Tauscherbaureihe eignet sich hervorragend für Kühlung von Bierwürze;1;2990;Plattenwärmetauscher > M5-11 Baureihe / zerlegbar;;1396411470228
1492;Edelstahl Plattenwärmetauscher Typ M6-19-15;Der Einsatz dieser Tauscherbaureihe eignet sich hervorragend als Zwischenkreistauscher für Sole / Grundwasser Wärmepumpen;1;1250;Plattenwärmetauscher > M6-19 Baureihe / zerlegbar;;3163238295239
1493;Edelstahl Plattenwärmetauscher Typ M6-19-25;Der Einsatz dieser Tauscherbaureihe eignet sich hervorragend als Zwischenkreistauscher für Sole / Grundwasser Wärmepumpen;1;1850;Plattenwärmetauscher > M6-19 Baureihe / zerlegbar;;4862330962177
1494;Edelstahl Plattenwärmetauscher Typ M6-19-30;Der Einsatz dieser Tauscherbaureihe eignet sich hervorragend als Zwischenkreistauscher für Sole / Grundwasser Wärmepumpen;1;1990;Plattenwärmetauscher > M6-19 Baureihe / zerlegbar;;1710131812265
1495;Edelstahl Plattenwärmetauscher Typ M6-19-35;Der Einsatz dieser Tauscherbaureihe eignet sich hervorragend als Zwischenkreistauscher für Sole / Grundwasser Wärmepumpen;1;2380;Plattenwärmetauscher > M6-19 Baureihe / zerlegbar;;1287056757693
1496;Edelstahl Plattenwärmetauscher Typ M6-19-40;Der Einsatz dieser Tauscherbaureihe eignet sich hervorragend als Zwischenkreistauscher für Sole / Grundwasser Wärmepumpen;1;2480;Plattenwärmetauscher > M6-19 Baureihe / zerlegbar;;4874329354658
1497;Edelstahl Plattenwärmetauscher Typ M6-19-45;Der Einsatz dieser Tauscherbaureihe eignet sich hervorragend als Zwischenkreistauscher für Sole / Grundwasser Wärmepumpen;1;2640;Plattenwärmetauscher > M6-19 Baureihe / zerlegbar;;4147810179628
1498;Edelstahl Plattenwärmetauscher Typ M6-19-50;Der Einsatz dieser Tauscherbaureihe eignet sich hervorragend als Zwischenkreistauscher für Sole / Grundwasser Wärmepumpen;1;2890;Plattenwärmetauscher > M6-19 Baureihe / zerlegbar;;524638185
1499;Edelstahl Plattenwärmetauscher Typ M6-19-55;Der Einsatz dieser Tauscherbaureihe eignet sich hervorragend als Zwischenkreistauscher für Sole / Grundwasser Wärmepumpen;1;3080;Plattenwärmetauscher > M6-19 Baureihe / zerlegbar;;4564280934296
1500;Edelstahl Plattenwärmetauscher Typ M6-19-60;Der Einsatz dieser Tauscherbaureihe eignet sich hervorragend als Zwischenkreistauscher für Sole / Grundwasser Wärmepumpen;1;2980;Plattenwärmetauscher > M6-19 Baureihe / zerlegbar;;1861389468671
1501;Edelstahl Plattenwärmetauscher Typ M6-19-65;Der Einsatz dieser Tauscherbaureihe eignet sich hervorragend als Zwischenkreistauscher für Sole / Grundwasser Wärmepumpen;1;3280;Plattenwärmetauscher > M6-19 Baureihe / zerlegbar;;7794860625802
1502;Edelstahl Plattenwärmetauscher Typ M6-19-70;Der Einsatz dieser Tauscherbaureihe eignet sich hervorragend als Zwischenkreistauscher für Sole / Grundwasser Wärmepumpen;1;3740;Plattenwärmetauscher > M6-19 Baureihe / zerlegbar;;3611080124547
1503;Edelstahl Plattenwärmetauscher Typ M6-19-75;Der Einsatz dieser Tauscherbaureihe eignet sich hervorragend als Zwischenkreistauscher für Sole / Grundwasser Wärmepumpen;1;3950;Plattenwärmetauscher > M6-19 Baureihe / zerlegbar;;3330396409604
1504;Edelstahl Plattenwärmetauscher Typ M6-19-80;Der Einsatz dieser Tauscherbaureihe eignet sich hervorragend als Zwischenkreistauscher für Sole / Grundwasser Wärmepumpen;1;4120;Plattenwärmetauscher > M6-19 Baureihe / zerlegbar;;9265397743935
1505;Edelstahl Plattenwärmetauscher Typ M6-19-85;Der Einsatz dieser Tauscherbaureihe eignet sich hervorragend als Zwischenkreistauscher für Sole / Grundwasser Wärmepumpen;1;4300;Plattenwärmetauscher > M6-19 Baureihe / zerlegbar;;5505866454530
1506;Edelstahl Plattenwärmetauscher Typ M6-19-90;Der Einsatz dieser Tauscherbaureihe eignet sich hervorragend als Zwischenkreistauscher für Sole / Grundwasser Wärmepumpen;1;4490;Plattenwärmetauscher > M6-19 Baureihe / zerlegbar;;3893594435450
1507;Edelstahl Plattenwärmetauscher Typ M6-19-95;Der Einsatz dieser Tauscherbaureihe eignet sich hervorragend als Zwischenkreistauscher für Sole / Grundwasser Wärmepumpen;1;4490;Plattenwärmetauscher > M6-19 Baureihe / zerlegbar;;8264263605712
1508;Edelstahl Plattenwärmetauscher Typ M6-19-100;Der Einsatz dieser Tauscherbaureihe eignet sich hervorragend als Zwischenkreistauscher für Sole / Grundwasser Wärmepumpen;1;5270;Plattenwärmetauscher > M6-19 Baureihe / zerlegbar;;7695934105636
1516;Edelstahl Plattenwärmetauscher Typ M7-17-30;Der Einsatz dieser Tauscherbaureihe eignet sich hervorragend für die Poolerwärmung;1;1580;Plattenwärmetauscher > M7-17 Baureihe / zerlegbar;;1089969929675
1517;Edelstahl Plattenwärmetauscher Typ M7-17-40;Der Einsatz dieser Tauscherbaureihe eignet sich hervorragend für die Poolerwärmung;1;1890;Plattenwärmetauscher > M7-17 Baureihe / zerlegbar;;310774792552
1518;Edelstahl Plattenwärmetauscher Typ M7-17-50;Der Einsatz dieser Tauscherbaureihe eignet sich hervorragend für die Poolerwärmung;1;2290;Plattenwärmetauscher > M7-17 Baureihe / zerlegbar;;1340784358003
1519;Edelstahl Plattenwärmetauscher Typ M7-17-60;Der Einsatz dieser Tauscherbaureihe eignet sich hervorragend für die Poolerwärmung;1;2670;Plattenwärmetauscher > M7-17 Baureihe / zerlegbar;;7806787405877
1520;Edelstahl Plattenwärmetauscher Typ M7-17-70;Der Einsatz dieser Tauscherbaureihe eignet sich hervorragend für die Poolerwärmung;1;2990;Plattenwärmetauscher > M7-17 Baureihe / zerlegbar;;168419438521
1521;Edelstahl Plattenwärmetauscher Typ M7-17-80;Der Einsatz dieser Tauscherbaureihe eignet sich hervorragend für die Poolerwärmung;1;3390;Plattenwärmetauscher > M7-17 Baureihe / zerlegbar;;445370808496
1522;Edelstahl Plattenwärmetauscher Typ M7-17-90;Der Einsatz dieser Tauscherbaureihe eignet sich hervorragend für die Poolerwärmung;1;3750;Plattenwärmetauscher > M7-17 Baureihe / zerlegbar;;6855062072649
1523;Edelstahl Plattenwärmetauscher Typ M7-17-100;Der Einsatz dieser Tauscherbaureihe eignet sich hervorragend für die Poolerwärmung;1;3990;Plattenwärmetauscher > M7-17 Baureihe / zerlegbar;;3868467036959
1535;Frischwasserstation FWS 830;Die LUPI Frischwasserstation der FWS-800 Baureihe ist ein leistungsstarkes Frischwassermodul für die hygienische und legionellenfreie Erzeugung von Warmwasser mit einem zerlegbarem Plattentauscher.;1;1190;Frischwasserstation;;9437200314292
1536;Frischwasserstation FWS 850;Die LUPI Frischwasserstation der FWS-800 Baureihe ist ein leistungsstarkes Frischwassermodul für die hygienische und legionellenfreie Erzeugung von Warmwasser mit einem zerlegbarem Plattentauscher.;1;1390;Frischwasserstation;;5328785590239
1537;Frischwasserstation FWS 860;Die LUPI Frischwasserstation der FWS-800 Baureihe ist ein leistungsstarkes Frischwassermodul für die hygienische und legionellenfreie Erzeugung von Warmwasser mit einem zerlegbarem Plattentauscher.;0;1590;Frischwasserstation;;1396411470228
1538;Frischwasserstation FWS 630;Die LUPI Frischwasserstation der Baureihe FWS-600 ist ein leistungsstarkes Frischwassermodul für die hygienische und legionellenfreie Erzeugung von Warmwasser mit einem kupfergelöteten Plattentauscher aus Edelstahl.;1;699,9;Frischwasserstation;;3163238295239
1539;Frischwasserstation FWS 640;Die LUPI Frischwasserstation der Baureihe FWS-600 ist ein leistungsstarkes Frischwassermodul für die hygienische und legionellenfreie Erzeugung von Warmwasser mit einem kupfergelöteten Plattentauscher aus Edelstahl.;1;798;Frischwasserstation;;4862330962177
1540;Frischwasserstation FWS 650;Die LUPI Frischwasserstation der Baureihe FWS-600 ist ein leistungsstarkes Frischwassermodul für die hygienische und legionellenfreie Erzeugung von Warmwasser mit einem kupfergelöteten Plattentauscher aus Edelstahl.;1;879;Frischwasserstation;;1710131812265
1541;Frischwasserstation FWS 660;Die LUPI Frischwasserstation der Baureihe FWS-600 ist ein leistungsstarkes Frischwassermodul für die hygienische und legionellenfreie Erzeugung von Warmwasser mit einem kupfergelöteten Plattentauscher aus Edelstahl.;0;545;Frischwasserstation;;1287056757693
1683;Edelstahl Pool Wärmetauscher Typ SP-170-K;Hochwertiger Plattenwärmetauscher aus Edelstahl zur Schwimmbadbeheizung. Geeignet für gechlortes Wasser. Höchstmögliche Wärmeübertragung bei niedrigen Vorlauftemperaturen.;1;219,9;Pool Wärmetauscher;;4874329354658
1684;Edelstahl Pool Wärmetauscher Typ SP-220-K;Hochwertiger Plattenwärmetauscher aus Edelstahl zur Schwimmbadbeheizung. Geeignet für gechlortes Wasser. Höchstmögliche Wärmeübertragung bei niedrigen Vorlauftemperaturen.;1;279,9;Pool Wärmetauscher > Plattenwärmetauscher mit PVC Anschluss;;4147810179628
1685;Edelstahl Pool Wärmetauscher Typ SP-320-K;Hochwertiger Plattenwärmetauscher aus Edelstahl zur Schwimmbadbeheizung. Geeignet für gechlortes Wasser. Höchstmögliche Wärmeübertragung bei niedrigen Vorlauftemperaturen.;1;359,9;Pool Wärmetauscher;;524638185
1686;Edelstahl Pool Wärmetauscher Typ EP-190-VA;Hochwertiger Plattenwärmetauscher aus Edelstahl zur Schwimmbadbeheizung. Geeignet für gechlortes Wasser. Höchstmögliche Wärmeübertragung bei niedrigen Vorlauftemperaturen.;1;219,9;Pool Wärmetauscher;;4564280934296
1687;Edelstahl Pool Wärmetauscher Typ EP-240-VA;Hochwertiger Plattenwärmetauscher aus Edelstahl zur Schwimmbadbeheizung. Geeignet für gechlortes Wasser. Höchstmögliche Wärmeübertragung bei niedrigen Vorlauftemperaturen.;1;279,9;Pool Wärmetauscher;;1861389468671
1688;Edelstahl Pool Wärmetauscher Typ EP-350-VA;Hochwertiger Plattenwärmetauscher aus Edelstahl zur Schwimmbadbeheizung. Geeignet für gechlortes Wasser. Höchstmögliche Wärmeübertragung bei niedrigen Vorlauftemperaturen.;1;389,9;Pool Wärmetauscher;;7794860625802
1689;Edelstahl Pool Wärmetauscher Typ EP-460-VA;Hochwertiger Plattenwärmetauscher aus Edelstahl zur Schwimmbadbeheizung. Geeignet für gechlortes Wasser. Höchstmögliche Wärmeübertragung bei niedrigen Vorlauftemperaturen.;1;519,9;Pool Wärmetauscher;;3611080124547
1690;Edelstahl Pool Wärmetauscher Typ EP-660-VA;Hochwertiger Plattenwärmetauscher aus Edelstahl zur Schwimmbadbeheizung. Geeignet für gechlortes Wasser. Höchstmögliche Wärmeübertragung bei niedrigen Vorlauftemperaturen.;1;649,9;Pool Wärmetauscher;;3330396409604
1691;Titan Pool Wärmetauscher Typ EP-100-TI;Hochwertiger Plattenwärmetauscher aus Reintitan zur Schwimmbadbeheizung. Geeignet für gechlortes Wasser. Höchstmögliche Wärmeübertragung bei niedrigen Vorlauftemperaturen.    Poolseitige Anschlüsse aus Reintitan / hochtemperaturbeständig.;1;459,9;Pool Wärmetauscher > Plattenwärmetauscher mit Edelstahl / Titan Aschluss;;9265397743935
1693;Titan Pool Wärmetauscher Typ EP-170-TI;Hochwertiger Plattenwärmetauscher aus Reintitan zur Schwimmbadbeheizung. Geeignet für gechlortes Wasser. Höchstmögliche Wärmeübertragung bei niedrigen Vorlauftemperaturen.    Poolseitige Anschlüsse aus Reintitan / hochtemperaturbeständig.;1;479,9;Pool Wärmetauscher > Plattenwärmetauscher mit Edelstahl / Titan Aschluss;;5505866454530
1694;Titan Pool Wärmetauscher Typ EP-220-TI;Hochwertiger Plattenwärmetauscher aus Reintitan zur Schwimmbadbeheizung. Geeignet für gechlortes Wasser. Höchstmögliche Wärmeübertragung bei niedrigen Vorlauftemperaturen.    Poolseitige Anschlüsse aus Reintitan / hochtemperaturbeständig.;1;584,9;Pool Wärmetauscher > Plattenwärmetauscher mit Edelstahl / Titan Aschluss;;3893594435450
1695;Titan Pool Wärmetauscher Typ EP-320-TI;Hochwertiger Plattenwärmetauscher aus Reintitan zur Schwimmbadbeheizung. Geeignet für gechlortes Wasser. Höchstmögliche Wärmeübertragung bei niedrigen Vorlauftemperaturen.    Poolseitige Anschlüsse aus Reintitan / hochtemperaturbeständig.;1;684,9;Pool Wärmetauscher > Plattenwärmetauscher mit Edelstahl / Titan Aschluss;;8264263605712
1696;Titan Pool Wärmetauscher Typ EP-420-TI;Hochwertiger Plattenwärmetauscher aus Reintitan zur Schwimmbadbeheizung. Geeignet für gechlortes Wasser. Höchstmögliche Wärmeübertragung bei niedrigen Vorlauftemperaturen.    Poolseitige Anschlüsse aus Reintitan / hochtemperaturbeständig.;1;784,9;Pool Wärmetauscher > Plattenwärmetauscher mit Edelstahl / Titan Aschluss;;7695934105636
1697;Titan Pool Wärmetauscher Typ EP-520-TI;Hochwertiger Plattenwärmetauscher aus Reintitan zur Schwimmbadbeheizung. Geeignet für gechlortes Wasser. Höchstmögliche Wärmeübertragung bei niedrigen Vorlauftemperaturen.    Poolseitige Anschlüsse aus Reintitan / hochtemperaturbeständig.;1;890;Pool Wärmetauscher > Plattenwärmetauscher mit Edelstahl / Titan Aschluss;;1089969929675
1698;Titan Pool Wärmetauscher Typ EP-620-TI;Hochwertiger Plattenwärmetauscher aus Reintitan zur Schwimmbadbeheizung. Geeignet für gechlortes Wasser. Höchstmögliche Wärmeübertragung bei niedrigen Vorlauftemperaturen.    Poolseitige Anschlüsse aus Reintitan / hochtemperaturbeständig.;0;917;Pool Wärmetauscher > Plattenwärmetauscher mit Edelstahl / Titan Aschluss;;310774792552
1710;Titan Pool Wärmetauscher Typ SP-100-TI;Hochwertiger Plattenwärmetauscher aus Reintitan zur Schwimmbadbeheizung. Geeignet für gechlortes sowie salzhaltiges Wasser. Höchstmögliche Wärmeübertragung bei niedrigen Vorlauftemperaturen.;1;379,9;Pool Wärmetauscher;;1340784358003
1716;Titan Pool Wärmetauscher Typ SP-170-TI;Hochwertiger Plattenwärmetauscher aus Reintitan zur Schwimmbadbeheizung. Geeignet für gechlortes sowie salzhaltiges Wasser. Höchstmögliche Wärmeübertragung bei niedrigen Vorlauftemperaturen.;1;459,9;Pool Wärmetauscher;;7806787405877
1717;Titan Pool Wärmetauscher Typ SP-220-TI;Hochwertiger Plattenwärmetauscher aus Reintitan zur Schwimmbadbeheizung. Geeignet für gechlortes sowie salzhaltiges Wasser. Höchstmögliche Wärmeübertragung bei niedrigen Vorlauftemperaturen.;1;579,9;Pool Wärmetauscher;;168419438521
1718;Titan Pool Wärmetauscher Typ SP-320-TI;Hochwertiger Plattenwärmetauscher aus Reintitan zur Schwimmbadbeheizung. Geeignet für gechlortes sowie salzhaltiges Wasser. Höchstmögliche Wärmeübertragung bei niedrigen Vorlauftemperaturen.;1;679,9;Pool Wärmetauscher;;445370808496
1721;Edelstahl Pool Wärmetauscher Typ EP-160-VA;Hochwertiger Plattenwärmetauscher aus Edelstahl zur Schwimmbadbeheizung. Geeignet für gechlortes Wasser. Höchstmögliche Wärmeübertragung bei niedrigen Vorlauftemperaturen.;1;199,9;Pool Wärmetauscher;;6855062072649
1796;Wandbefestigung für Plattentauscher EP-100 bis EP-720;;1;35,9;Wandhalterung;;3868467036959
1797;Wandbefestigung für Plattentauscher SP-100 bis SP-620;;1;35,9;Wandhalterung;;9437200314292
1816;Edelstahl Plattenwärmetauscher Typ M5-11-20;"Der Einsatz dieser Tauscherbaureihe eignet sich hervorragend für Kühlung von Bierwürze; Milchkühlung sowie als Zwischenkreistauscher für Sole und Grundwasser Wärmepumpen.";1;1199;Plattenwärmetauscher > M5-11 Baureihe / zerlegbar;;5328785590239
1817;Edelstahl Plattenwärmetauscher Typ M5-11-15;"Der Einsatz dieser Tauscherbaureihe eignet sich hervorragend für Kühlung von Bierwürze;  Milchkühlung sowie als Zwischenkreistauscher für Sole und Grundwasser Wärmepumpen.";0;954;Plattenwärmetauscher > M5-11 Baureihe / zerlegbar;;1396411470228
1840;Dämmschale für Plattentauscher EP-xx;;1;89,9;Isolierung für Wärmetauscher;;3163238295239
2329;Abgastauscher Set AWT-704 inclusive Regler;Abgastauscher Set AWT-704 entwickelt zur Energieeinsparung bei Kaminöfen in Verbindung mit Pufferspeichern;0;750;Abgaswärmetauscher;;4862330962177
2529;Titan Pool Wärmetauscher Typ EP-720-Ti;Hochwertiger Plattenwärmetauscher aus Reintitan zur Schwimmbadbeheizung. Geeignet für gechlortes Wasser. Höchstmögliche Wärmeübertragung bei niedrigen Vorlauftemperaturen.    Poolseitige Anschlüsse aus Reintitan / hochtemperaturbeständig.;1;1090;Pool Wärmetauscher > Plattenwärmetauscher mit Edelstahl / Titan Aschluss;;1710131812265
2552;Abgastauscher Set AWT-704 ohne Regler;Abgastauscher Set AWT-704 entwickelt zur Energieeinsparung bei Kaminöfen in Verbindung mit Pufferspeichern;1;870;Abgaswärmetauscher;;1287056757693
3003;Titan Pool Wärmetauscher Typ EP-190-Ti;Hochwertiger Plattenwärmetauscher aus Reintitan zur Schwimmbadbeheizung. Geeignet für gechlortes Wasser. Höchstmögliche Wärmeübertragung bei niedrigen Vorlauftemperaturen.    Poolseitige Anschlüsse aus Reintitan / hochtemperaturbeständig.;1;498,9;Pool Wärmetauscher > Plattenwärmetauscher mit Edelstahl / Titan Aschluss;;4874329354658
